user_id,user_gender,user_age,user_zip,user_firstname,user_lastname
1,M,25,75017,Hugo,Bernard
2,F,50,14000,Lucas,Martin
3,F,20,92000,Emma,Dupont
4,M,60,33000,Julien,Dubois
5,M,50,33000,Sophie,Arnold
6,M,30,66000,Sonia,Avery
7,M,20,75000,Sarah,Bailey
8,M,20,75001,Samantha,Baker
9,M,21,75002,Sally,Ball
10,M,22,75003,Ruth,Bell
11,M,23,75004,Rose,Berry
12,M,24,75005,Rebecca,Black
13,M,25,75006,Rachel,Blake
14,M,26,75007,Pippa,Bond
15,M,27,75008,Penelope,Bower
16,M,28,75009,Olivia,Brown
17,M,29,75010,Nicola,Buckland
18,M,30,75011,Natalie,Burgess
19,M,31,75012,Molly,Butler
20,M,32,75013,Michelle,Cameron
21,M,33,75014,Melanie,Campbell
22,M,34,75015,Megan,Carr
23,M,35,75016,Mary,Chapman
24,M,36,75017,Maria,Churchill
25,M,37,75018,Madeleine,Clark
26,M,38,75019,Lisa,Clarkson
27,M,39,75020,Lily,Coleman
28,M,40,75021,Lillian,Cornish
29,M,41,75022,Leah,Davidson
30,M,42,75023,Lauren,Davies
31,M,43,75024,Kylie,Dickens
32,M,44,75025,Kimberly,Dowd
33,M,45,75026,Katherine,Duncan
34,M,46,75027,Karen,Dyer
35,M,47,75028,Julia,Edmunds
36,M,48,75029,Joanne,Ellison
37,M,49,75030,Joan,Ferguson
38,M,50,75031,Jessica,Fisher
39,M,51,75032,Jennifer,Forsyth
40,M,52,75033,Jasmine,Fraser
41,M,53,75034,Jane,Gibson
42,M,54,75035,Jan,Gill
43,M,55,75036,Irene,Glover
44,M,56,75037,Heather,Graham
45,M,57,75038,Hannah,Grant
46,M,58,75039,Grace,Gray
47,M,59,75040,Gabrielle,Greene
48,M,60,75041,Fiona,Hamilton
49,M,61,75042,Felicity,Hardacre
50,M,62,75043,Faith,Harris
51,M,63,75044,Emma,Hart
52,M,64,75045,Emily,Hemmings
53,M,65,75046,Ella,Henderson
54,M,66,75047,Elizabeth,Hill
55,M,67,75048,Dorothy,Hodges
56,M,68,75049,Donna,Howard
57,M,69,75050,Diane,Hudson
58,M,70,75051,Diana,Hughes
59,M,71,75052,Deirdre,Hunter
60,M,72,75053,Claire,Ince
61,M,73,75054,Chloe,Jackson
62,M,74,75055,Carolyn,James
63,M,75,75056,Caroline,Johnston
64,M,76,75057,Carol,Jones
65,M,77,75058,Bernadette,Kelly
66,M,78,75059,Bella,Kerr
67,M,79,75060,Ava,King
68,M,80,75061,Audrey,Knox
69,M,81,75062,Anne,Lambert
70,M,82,75063,Anna,Langdon
71,M,83,75064,Angela,Lawrence
72,M,84,75065,Andrea,Lee
73,M,28,92000,Amy,Lewis
74,M,29,92001,Amelia,Lyman
75,M,30,92002,Amanda,MacDonald
76,M,31,92003,Alison,Mackay
77,M,32,92004,Abraham,Mackenzie
78,M,33,92005,Allan,MacLeod
79,M,34,92006,Una,Manning
80,M,35,92007,Vanessa,Marshall
81,M,36,92008,Victoria,Martin
82,M,37,92009,Virginia,Mathis
83,M,38,92010,Wanda,May
84,M,39,92011,Wendy,McDonald
85,M,40,92012,Yvonne,McLean
86,M,41,92013,Zoe,McGrath
87,M,42,92014,Max,Metcalfe
88,M,43,92015,Michael,Miller
89,M,44,92016,Nathan,Mills
90,M,45,92017,Neil,Mitchell
91,M,46,92018,Oliver,Morgan
92,M,47,92019,Peter,Morrison
93,M,48,92020,Phil,Murray
94,M,49,92021,Richard,Nash
