work_id,title,description,genre_1,venue,author,url
1,Opera Mrs,"Expect environment consider big. North record stuff police read one ask campaign.
True condition concern health put power. Similar coach food.",Musical,Kristaport,Richard Thomas,https://placekitten.com/749/723
2,Opera Citizen,Community letter present perhaps always include. Carry event also street. Friend next sort wind according.,Drama,Tylermouth,Steven Castillo,https://www.lorempixel.com/540/831
3,Opera Attack,Along two trade. Compare or home ever husband political available. Away foot only everything control card.,Comedy,Lewismouth,Ashley Maxwell,https://www.lorempixel.com/856/655
4,Opera Much,Matter then process. Cause nor or call participant class treat.,Comedy,South Kimberly,Luis Smith,https://dummyimage.com/343x183
5,Opera Official,"Realize bed picture paper sure owner. Break child discuss threat far.
Full cover teacher source piece away. Attorney several floor official woman as.",Opera,North Katelyn,Gabrielle Wilson,https://placekitten.com/759/535
6,Opera Picture,Alone arrive sometimes affect high security company. Soon official such my wife little. Majority manager how.,Musical,West Angelamouth,Amber Robinson,https://dummyimage.com/840x703
7,Opera Debate,Future question student despite hand yeah. Mission seven operation she theory energy.,Musical,Levyside,Michelle Perry,https://www.lorempixel.com/417/970
8,Opera Oil,"Former spend ability what doctor seek.
Main rate military term conference. Hospital hair but even.",Tragedy,Gonzalesland,Kelly Tran,https://dummyimage.com/565x159
9,Opera Cultural,Nice deal generation civil newspaper member. Write smile national street age authority miss. Hold dream best visit she.,Tragedy,East Alexandra,Ashley Mccarthy,https://dummyimage.com/93x127
10,Opera Those,"Police my ahead even like focus decide. Discuss admit car onto writer.
Civil former baby. Hour life security.",Tragedy,Port Thomasberg,Louis Mcguire,https://placekitten.com/10/142
11,Opera Item,"Then another into radio trial near. Even bar music foot owner listen huge possible.
Fine speech garden power song system. Catch include because.",Musical,South Michael,Edward Moore,https://www.lorempixel.com/861/541
12,Opera Understand,Ten unit cost prepare require team. Window some once book. Modern join yet pay offer.,Tragedy,East Dominiqueside,Patricia Cook,https://placekitten.com/0/195
13,Opera Song,"Score think pay reality. Cut east network food explain increase several.
Place traditional must current build. Speech major central bed color.",Tragedy,Danielleland,James Lynch,https://www.lorempixel.com/945/5
14,Opera Entire,Front could program authority. Hundred run fish they.,Tragedy,Port Randyton,Mr. Kevin Ramos,https://placeimg.com/39/7/any
15,Opera End,Often interview assume rich interest return. History floor part artist. First exist third budget quality name allow.,Comedy,Shahland,Shelly Hubbard,https://www.lorempixel.com/251/410
16,Opera Become,"First perhaps media foreign across. Believe cold eye specific prevent participant nature.
Go determine college drive. Before movie guy certain.",Opera,Cherylton,Emily Pittman,https://dummyimage.com/713x1019
17,Opera Who,Measure western air. Hold lot sense see expert high scientist.,Comedy,Smithton,Lisa Kim,https://placekitten.com/599/244
18,Opera If,Treat name area page language performance practice. Establish discuss or structure. Sort theory consider reflect.,Musical,Christinahaven,Ashley Robertson,https://placeimg.com/73/534/any
19,Opera Fast,Series million give sister show start factor. Business compare open ever. Hear right white reduce suddenly. Factor live major purpose very.,Comedy,West Jason,Dr. William Williams,https://dummyimage.com/134x907
20,Opera School,Family word sea any item their beyond process. Game key someone decision effect. Development north be morning provide.,Comedy,Stevenville,David Gonzalez,https://www.lorempixel.com/167/436
21,Opera Very,"Measure job international beautiful service entire turn.
Military buy whose only power.",Comedy,Port Carmen,Julie Rice,https://www.lorempixel.com/597/89
22,Opera That,Friend visit about benefit what member pretty. Sense standard minute career plant but. Eight impact nation TV.,Musical,Lake Jessica,Kendra Thompson,https://dummyimage.com/418x132
23,Opera Price,Several drive statement wait message that or agent. Center act word lead. Computer operation discover away she gun.,Comedy,Jenniferbury,Christina Hunter,https://dummyimage.com/942x974
24,Opera Treatment,Apply say relationship door present. Word level source beautiful compare material.,Comedy,Tiffanychester,Samantha Ross,https://placekitten.com/913/50
25,Opera Southern,Much many phone kitchen medical war. Under message window book. Focus drug position figure modern fight away.,Comedy,Freemanfurt,Sara Brown,https://placeimg.com/365/47/any
26,Opera Manage,"Strategy customer least far class. Thing person own room staff professor.
Ground picture police. Project respond open improve available.",Tragedy,East Paul,Sheila Bolton,https://placekitten.com/282/827
27,Opera Able,If protect magazine billion modern daughter majority. Force situation avoid hundred so. Realize alone draw fly charge wife end.,Drama,Garyview,Michael Hayes,https://placekitten.com/621/869
28,Opera Get,Half run project teach important also.,Comedy,Sabrinaborough,Jesus Brown,https://dummyimage.com/483x70
29,Opera As,Cell ground surface fear speech our success white. Network report class teacher would civil or.,Opera,East Danielshire,Anthony Morris,https://dummyimage.com/526x1005
30,Opera Nice,Mind write south phone position however. Professor amount event friend catch standard car.,Opera,Samuelfurt,Charles Lewis,https://placekitten.com/693/633
31,Opera For,Run minute play leader. Claim similar place trial make. Difference friend space woman guess.,Comedy,Jeromeport,John York,https://placekitten.com/722/922
32,Opera Imagine,Lead cut military security. Of cultural positive own financial.,Opera,Port Jonathanfort,Andrew Mcclure,https://www.lorempixel.com/32/158
33,Opera Government,Floor book since kind cause provide. Drop southern artist court. Though think deep anyone. Factor middle then before.,Comedy,Frazierville,John Tran,https://www.lorempixel.com/621/586
34,Opera Environment,"Month easy hospital. On better worker sort.
Indicate glass side show term after. Test question smile air just between. Itself company improve able.",Comedy,Padillaberg,David Kramer,https://placekitten.com/509/624
35,Opera Those,Artist point recently put somebody along realize ever. World him front vote play.,Opera,Nathanville,Carla Houston,https://www.lorempixel.com/454/938
36,Opera People,"Yes politics feeling bar. Miss for view foot employee game.
Yes size season everybody end. Court commercial growth rule to.",Comedy,Dicksonmouth,Katie Martin,https://placekitten.com/80/934
37,Opera Million,Way best yourself leg green. Agree way half consider.,Tragedy,Kramerborough,Jasmine Roberts,https://placeimg.com/250/7/any
38,Opera Story,At open interest quality nothing like. Manager another program similar responsibility.,Musical,East Katherineport,Sarah Mcdowell,https://placekitten.com/554/619
39,Opera Camera,Home situation add pick discuss. Investment three keep church stage item traditional. Could that church increase technology.,Opera,Ethanshire,Katie Kennedy,https://www.lorempixel.com/404/667
40,Opera Should,Group production if off phone clear although property. Short by these bar affect customer image house.,Opera,Smithtown,Jane Humphrey,https://dummyimage.com/240x956
41,Opera Reality,Customer dream just crime dinner whole find show. Station writer able east start. Top population crime ground I commercial low use.,Comedy,Nicholsonmouth,Jeffrey Jones,https://placekitten.com/263/818
42,Opera Bad,"Keep senior boy drop suddenly stay. Bill sometimes according money form option account.
Your drive television off. Go door manager.",Tragedy,Port Adamton,Aaron Chavez,https://dummyimage.com/48x713
43,Opera All,Could fish develop church hope scene lay event. Every gas central. Only amount west trip expert ever shake.,Musical,Port Brianmouth,Joyce Sanders,https://placeimg.com/837/521/any
44,Opera Another,"I return which here energy cover people. Travel nothing help officer.
Lawyer writer great less else war wait. Whose manager majority available goal.",Musical,South Wyatt,Eric Finley,https://placeimg.com/269/162/any
45,Opera Go,Social audience he listen audience wife wish. Art different deep.,Opera,Lake Edwardmouth,Peter Kelly,https://placekitten.com/145/581
46,Opera Investment,"Season film public offer add. Reduce list prevent road catch against. Ability charge gas much past.
Financial behavior middle born animal prove.",Opera,Port Sarachester,Jaclyn Flores,https://placeimg.com/136/911/any
47,Opera Mention,Stock action wonder dog stock police. Another party lead. Second however painting computer.,Musical,South Lisaville,Mr. Stephen Wilson,https://placekitten.com/545/395
48,Opera Wear,Fund question cold after card page. At site manager include red exactly.,Tragedy,Margaretfort,Ashley Parker,https://placeimg.com/905/681/any
49,Opera Her,How manage others modern common standard might room.,Drama,South Kevin,Ms. Alison Garcia,https://www.lorempixel.com/799/829
50,Opera International,Professional finish difficult reflect our speech employee. Wait in cause play model decision writer. Street wear style hope prove fire audience.,Comedy,Ralphmouth,Valerie Garcia,https://placeimg.com/501/304/any
51,Opera Establish,Age local wall wish husband Congress. Figure animal anyone explain. Camera job leader size nice smile.,Musical,Alexisport,Christine Ayala,https://placeimg.com/560/297/any
52,Opera Of,Chance somebody before everyone door lose forget skin. Else people read thing any.,Opera,Lake Jonathan,Kimberly Curtis,https://www.lorempixel.com/39/653
53,Opera Degree,"Message sell sort six. Born stop than market condition.
Series college car follow too weight. Their beautiful wish television woman.",Tragedy,Davidland,Melinda Gomez,https://placekitten.com/535/755
54,Opera Rise,Cold market soldier kitchen raise. Development first mission continue. Treat bank vote campaign produce contain toward main.,Tragedy,Bryanhaven,Brian Webster,https://placeimg.com/971/268/any
55,Opera Computer,Long together bed drop cup. Suddenly behind present brother. Others work research life.,Drama,Careyshire,April Perez,https://www.lorempixel.com/568/633
56,Opera American,Quickly option that understand world when environment.,Tragedy,Sharonview,Heather Bright,https://placeimg.com/192/920/any
57,Opera Position,Than company student despite writer hundred. Late performance project sign work feeling game.,Tragedy,North Eric,Catherine Cox,https://placekitten.com/846/682
58,Opera Ball,"Machine second lay hit such TV.
Art mouth control watch moment. Happy space who heavy. Against serious quite probably second you oil.",Musical,Lake Brian,Randy Johnson,https://dummyimage.com/7x449
59,Opera Nature,Collection rest season. Attorney example grow teacher leave campaign institution. Same various forget different he.,Drama,Goodmanport,William Eaton,https://placeimg.com/976/402/any
60,Opera Past,"Change friend more. Trouble truth middle note raise nothing level.
Artist poor from strong. Do company hospital drug account.",Musical,Port Brandonland,Phillip Graham,https://www.lorempixel.com/76/265
61,Opera Different,"Company myself area tree blue speak room. Leader right matter hot public police.
Sea wind top case great near speak official.",Musical,Paulfurt,Nicole Gross,https://placekitten.com/349/843
62,Opera Report,Time whether understand hair skin believe.,Comedy,Mathisport,Deborah Rice,https://placekitten.com/349/555
63,Opera Region,"Clearly sister opportunity full old. Ground open arm me design.
Author message learn college like believe. Win wind well fly fly change bit.",Tragedy,Lake Danielton,Dr. Michael Becker PhD,https://placeimg.com/156/567/any
64,Opera Guess,Worker rock believe more. Return next summer way.,Comedy,Lake Glendaberg,Christina Fisher,https://placeimg.com/403/905/any
65,Opera History,Republican budget current.,Tragedy,Lisaport,Emily Smith,https://www.lorempixel.com/728/270
66,Opera Democrat,"Statement art around.
Some point foot class treat center usually. Chair government into.
Add rest also here mouth. Drop sing home success building.",Musical,South Nicholas,William Carpenter,https://www.lorempixel.com/184/815
67,Opera Plan,Among difference money hot west four resource. Politics store town skin best.,Musical,Port Kenneth,Michael Davis,https://placekitten.com/1007/705
68,Opera Assume,Authority probably indeed lay create nature stand result. Poor special this all daughter.,Drama,Elizabethport,Shannon Allen,https://dummyimage.com/478x974
69,Opera With,"Allow likely court newspaper leader. Include tree interesting bag. Behavior will better career admit adult five.
Land system lawyer any.",Musical,Melissatown,Theresa Salazar,https://www.lorempixel.com/566/895
70,Opera Week,Cut particularly shoulder choice that purpose. Song mean social.,Opera,Valenciatown,Michelle Tanner,https://placekitten.com/253/327
71,Opera Region,Fill audience school listen medical trade country hold. Whether center work data scene suddenly. Language indeed stock model us score watch.,Comedy,South Williamtown,Kevin Zamora,https://dummyimage.com/226x827
72,Opera Heart,Five pass boy. Outside stock per whether person card little.,Comedy,North Steve,Elijah Jones,https://placekitten.com/910/1012
73,Opera Behavior,Range certainly admit force range operation. Enjoy stock tend party culture usually keep. Make claim truth show ago provide without.,Tragedy,Johnsonmouth,Ashley Nguyen,https://dummyimage.com/369x144
74,Opera Car,"Create production interesting rule different statement. Model skin growth compare want.
Quite rise heavy. Little person maybe level under theory.",Musical,Melissaside,Nicholas Ramos,https://www.lorempixel.com/345/361
75,Opera Care,Before politics value. Everybody spring board receive white prevent man. Type country since husband who.,Tragedy,Grahamstad,Robin Haynes,https://placeimg.com/64/409/any
76,Opera However,Firm clearly your people million establish. Large technology possible animal. Remain pull game.,Comedy,New Brianville,Abigail Lowery,https://dummyimage.com/859x672
77,Opera Make,"Attack per field and enter your. Knowledge part performance however fund present next.
Someone smile check away commercial out result.",Musical,Goodmanview,Kylie Johnson,https://placekitten.com/837/553
78,Opera Next,Campaign goal family training situation. Evidence career protect eight. Them wide name while. Tonight no whatever ago break war.,Tragedy,Tinashire,Matthew Martinez,https://placeimg.com/1022/553/any
79,Opera Week,Very former green experience money imagine. Treat argue anyone study alone night. Director improve likely guy enough. Go no expect role them.,Drama,Pittsside,Kathryn Ewing,https://placekitten.com/937/842
80,Opera Notice,Anything control team reduce. Former continue apply positive pretty science now. Case media language thought population follow.,Musical,Rossbury,Peggy Mclean MD,https://placeimg.com/440/511/any
81,Opera Simply,"High animal pull.
Group couple painting only. Have because painting than best simple information. South produce behavior current thank world image.",Tragedy,Lake Joshuamouth,Shannon Goodman,https://placeimg.com/835/289/any
82,Opera Air,Remember ahead see page too relationship despite until. Often animal talk especially data realize.,Opera,North Gabriela,Tammy Newman,https://dummyimage.com/572x220
83,Opera Effect,Nation a in daughter research try. Time whose standard month half education his.,Comedy,Port Angelaland,Leslie Reynolds,https://placeimg.com/790/929/any
84,Opera Computer,"Suffer less president who.
Well trouble rather enter notice art. Right rule everyone question box personal. Hot field same quickly.",Tragedy,Hunterbury,Samantha Williams,https://www.lorempixel.com/273/222
85,Opera Woman,"Fight day meet born agent.
Ability billion discover forget. Tax close memory watch.",Opera,Stevenshaven,Michelle Martinez,https://placekitten.com/297/718
86,Opera Young,Dinner total determine. Four week law traditional everybody just learn. Late three send spring visit throughout.,Tragedy,North Debrachester,Alison Sanders,https://placeimg.com/1008/946/any
87,Opera Nearly,"Sort middle employee laugh involve. Sound case determine material.
Listen test interesting affect past. Manage provide our feel tree risk most build.",Musical,Karenborough,Denise Hendricks,https://placekitten.com/79/704
88,Opera Reality,Today without yet remember service state. Pressure stand myself ever ask attorney image. Message picture space poor.,Opera,Millermouth,Kathy Padilla,https://placeimg.com/921/375/any
89,Opera Type,Account conference sea second single. Decade maintain participant language court me pattern. Democrat left ready player nothing trade soon your.,Tragedy,Tinafurt,Timothy Ford,https://placeimg.com/752/538/any
90,Opera But,Clear officer so movement fight color. Animal central forward community for since. Whom traditional magazine to prepare finally.,Musical,Jenniferside,Luis Parker,https://dummyimage.com/208x535
91,Opera Teach,Discussion at street campaign alone poor child police. Serious south of example certain.,Drama,New Leeview,Katherine Sawyer,https://www.lorempixel.com/117/674
92,Opera Save,"Mouth speech player notice southern movie as station. Three painting maybe no. Treat election apply example pay medical.
Rest production chance fall.",Tragedy,West Kathleen,Justin Proctor,https://placekitten.com/51/882
93,Opera Cut,Mrs it note central next court. Machine field might. Government large act research avoid section store most.,Musical,Frybury,Kimberly Pope,https://dummyimage.com/127x957
94,Opera Race,Finish continue civil.,Opera,New Josephfurt,Lisa Johnson,https://dummyimage.com/373x829
95,Opera Situation,Wide social produce only. Bed their trial great consumer.,Tragedy,Jacksonburgh,Charles Miller,https://placekitten.com/571/954
96,Opera Provide,Time per keep. Us fear economic bring environment past.,Tragedy,North Brianberg,Clifford Soto,https://placekitten.com/560/111
97,Opera Single,Listen will picture trial reveal well. Response game better thousand. Reality kind measure those. Nature fly opportunity key.,Opera,New Steven,Jennifer Thompson,https://placeimg.com/61/914/any
98,Opera Race,"Difficult try reveal recognize shoulder watch eight. Hot teach design peace look full oil.
Company sense him born. Effort fly painting bill how.",Musical,Johnberg,Joshua Hansen,https://dummyimage.com/818x35
99,Opera Simply,Former health loss at. Maintain out above career.,Comedy,North Deborahville,Albert Hendrix,https://dummyimage.com/113x87
100,Opera Nature,Recognize appear between break truth necessary. Responsibility town my somebody. Represent wife window remember three live sea.,Drama,Port Jenniferstad,Teresa Richardson,https://www.lorempixel.com/201/486
